gene,species,lam
1,Capitella_teleta,0
1,Baseodiscus_unicolor,0
2,Capitella_teleta,0
4,Capitella_teleta,0
5,Capitella_teleta,0
11,Capitella_teleta,0
12,Capitella_teleta,0
16,Capitella_teleta,0
17,Capitella_teleta,0
18,Adineta_ricciae,0
18,Gallus_gallus,0
19,Loxosoma_pectinaricola,0
19,Baseodiscus_unicolor,0
20,Capitella_teleta,0
23,Baseodiscus_unicolor,0
26,Xenoturbella_bocki,0
30,Capitella_teleta,0
31,Capitella_teleta,0
33,Loxosoma_pectinaricola,0
34,Capitella_teleta,0
36,Baseodiscus_unicolor,0
39,Capitella_teleta,0
41,Capitella_teleta,0
44,Capitella_teleta,0
47,Capitella_teleta,0
49,Gnathostomula_paradoxa,0
50,Capitella_teleta,0
52,Adineta_ricciae,0
52,Capitella_teleta,0
55,Loxosoma_pectinaricola,0
56,Loxosoma_pectinaricola,0
58,Loxosoma_pectinaricola,0
59,Capitella_teleta,0
60,Capitella_teleta,0
60,Priapulus_sp,0
62,Xenoturbella_bocki,0
67,Baseodiscus_unicolor,0
70,Capitella_teleta,0
72,Drosophila_melanogaster,0
72,Capitella_teleta,0
73,Capitella_teleta,0
78,Capitella_teleta,0
79,Capitella_teleta,0
80,Capitella_teleta,0
83,Capitella_teleta,0
88,Capitella_teleta,0
89,Capitella_teleta,0
89,Gallus_gallus,0
92,Baseodiscus_unicolor,0
93,Baseodiscus_unicolor,0
94,Capitella_teleta,0
94,Baseodiscus_unicolor,0
96,Amphimedon_queenslandica,0
96,Baseodiscus_unicolor,0
97,Priapulus_sp,0
98,Xenoturbella_bocki,0
98,Capitella_teleta,0
99,Capitella_teleta,0
99,Baseodiscus_unicolor,0
102,Capitella_teleta,0
103,Xenoturbella_bocki,0
103,Capitella_teleta,0
105,Baseodiscus_unicolor,0
106,Capitella_teleta,0
107,Capitella_teleta,0
108,Loxosoma_pectinaricola,0
112,Capitella_teleta,0
113,Priapulus_sp,0
114,Capitella_teleta,0
114,Phoronis_vancouverensis,0
115,Adineta_ricciae,0
115,Capitella_teleta,0
116,Xenoturbella_bocki,0
117,Capitella_teleta,0
118,Capitella_teleta,0
118,Baseodiscus_unicolor,0
118,Priapulus_sp,0
119,Capitella_teleta,0
122,Baseodiscus_unicolor,0
127,Mnemiopsis_leidyi,0
129,Capitella_teleta,0
130,Capitella_teleta,0
132,Adineta_ricciae,0
132,Capitella_teleta,0
133,Adineta_ricciae,0
133,Xenoturbella_bocki,0
134,Xenoturbella_bocki,0
135,Capitella_teleta,0
136,Xenoturbella_bocki,0
141,Adineta_ricciae,0
142,Capitella_teleta,0
143,Xenoturbella_bocki,0
145,Capitella_teleta,0
147,Capitella_teleta,0
149,Capitella_teleta,0
149,Baseodiscus_unicolor,0
152,Priapulus_sp,0
153,Capitella_teleta,0
155,Gnathostomula_paradoxa,0
157,Capitella_teleta,0
158,Capitella_teleta,0
159,Capitella_teleta,0
160,Adineta_ricciae,0
162,Capitella_teleta,0
164,Gallus_gallus,0
166,Baseodiscus_unicolor,0
168,Priapulus_sp,0
171,Adineta_ricciae,0
171,Capitella_teleta,0
171,Priapulus_sp,0
173,Adineta_ricciae,0
173,Capitella_teleta,0
174,Xenoturbella_bocki,0
175,Capitella_teleta,0
176,Capitella_teleta,0
177,Xenoturbella_bocki,0
178,Loxosoma_pectinaricola,0
181,Capitella_teleta,0
182,Xenoturbella_bocki,0
183,Capitella_teleta,0
185,Loxosoma_pectinaricola,0
187,Loxosoma_pectinaricola,0
188,Capitella_teleta,0
189,Capitella_teleta,0
193,Baseodiscus_unicolor,0
195,Adineta_ricciae,0
195,Capitella_teleta,0
196,Xenoturbella_bocki,0
196,Capitella_teleta,0
196,Priapulus_sp,0
197,Loxosoma_pectinaricola,0
198,Capitella_teleta,0
199,Loxosoma_pectinaricola,0
200,Capitella_teleta,0
202,Baseodiscus_unicolor,0
203,Capitella_teleta,0
204,Capitella_teleta,0
210,Baseodiscus_unicolor,0
211,Adineta_ricciae,0
213,Xenoturbella_bocki,0
215,Capitella_teleta,0
215,Baseodiscus_unicolor,0
217,Priapulus_sp,0
218,Capitella_teleta,0
219,Capitella_teleta,0
220,Loxosoma_pectinaricola,0
221,Gallus_gallus,0
224,Peripatopsis_capensis,0
225,Baseodiscus_unicolor,0
226,Capitella_teleta,0
228,Macrodasys_sp,0
228,Capitella_teleta,0
229,Adineta_ricciae,0
230,Loxosoma_pectinaricola,0
231,Xenoturbella_bocki,0
231,Capitella_teleta,0
234,Capitella_teleta,0
235,Xenoturbella_bocki,0
235,Capitella_teleta,0
236,Gallus_gallus,0
239,Hofstenia_miamia,0
239,Capitella_teleta,0
240,Capitella_teleta,0
245,Capitella_teleta,0
246,Capitella_teleta,0
246,Priapulus_sp,0
247,Capitella_teleta,0
249,Loxosoma_pectinaricola,0
250,Capitella_teleta,0
251,Capitella_teleta,0
254,Capitella_teleta,0
255,Capitella_teleta,0
257,Capitella_teleta,0
260,Loxosoma_pectinaricola,0
261,Xenoturbella_bocki,0
262,Xenoturbella_bocki,0
262,Baseodiscus_unicolor,0
269,Priapulus_sp,0
269,Capitella_teleta,0
270,Capitella_teleta,0
274,Capitella_teleta,0
276,Xenoturbella_bocki,0
280,Gallus_gallus,0
281,Capitella_teleta,0
282,Capitella_teleta,0
283,Capitella_teleta,0
286,Capitella_teleta,0
288,Capitella_teleta,0
289,Xenoturbella_bocki,0
289,Capitella_teleta,0
290,Baseodiscus_unicolor,0
293,Capitella_teleta,0
294,Loxosoma_pectinaricola,0
294,Baseodiscus_unicolor,0
296,Capitella_teleta,0
297,Capitella_teleta,0
298,Capitella_teleta,0
299,Capitella_teleta,0
300,Capitella_teleta,0
301,Capitella_teleta,0
304,Capitella_teleta,0
306,Baseodiscus_unicolor,0
309,Xenoturbella_bocki,0
311,Capitella_teleta,0
312,Capitella_teleta,0
315,Capitella_teleta,0
316,Baseodiscus_unicolor,0
319,Capitella_teleta,0
321,Capitella_teleta,0
322,Capitella_teleta,0
323,Baseodiscus_unicolor,0
324,Baseodiscus_unicolor,0
326,Xenoturbella_bocki,0
328,Xenoturbella_bocki,0
331,Capitella_teleta,0
336,Capitella_teleta,0
339,Capitella_teleta,0
341,Capitella_teleta,0
342,Capitella_teleta,0
345,Capitella_teleta,0
346,Capitella_teleta,0
346,Homo_sapiens,0
347,Baseodiscus_unicolor,0
349,Capitella_teleta,0
351,Loxosoma_pectinaricola,0
353,Drosophila_melanogaster,0
355,Capitella_teleta,0
357,Mnemiopsis_leidyi,0
357,Loxosoma_pectinaricola,0
357,Baseodiscus_unicolor,0
358,Capitella_teleta,0
360,Capitella_teleta,0
363,Capitella_teleta,0
364,Adineta_ricciae,0
366,Capitella_teleta,0
367,Capitella_teleta,0
368,Priapulus_sp,0
369,Priapulus_sp,0
370,Xenoturbella_bocki,0
371,Capitella_teleta,0
372,Capitella_teleta,0
373,Loxosoma_pectinaricola,0
374,Xenoturbella_bocki,0
376,Baseodiscus_unicolor,0
377,Priapulus_sp,0
379,Xenoturbella_bocki,0
381,Amphimedon_queenslandica,0
381,Capitella_teleta,0
385,Capitella_teleta,0
386,Adineta_ricciae,0
387,Xenoturbella_bocki,0
387,Xenoturbella_profundus,0
388,Xenoturbella_bocki,0
390,Capitella_teleta,0
391,Capitella_teleta,0
1,Mnemiopsis_leidyi,0
1,Adineta_ricciae,0
1,Loxosoma_pectinaricola,0
12,Loxosoma_pectinaricola,0
18,Loxosoma_pectinaricola,0
34,Adineta_ricciae,0
49,Peripatopsis_capensis,0
55,Mnemiopsis_leidyi,0
60,Adineta_ricciae,0
65,Loxosoma_pectinaricola,0
81,Adineta_ricciae,0
91,Macrodasys_sp,0
93,Phoronis_vancouverensis,0
97,Amphimedon_queenslandica,0
101,Loxosoma_pectinaricola,0
113,Gnathostomula_paradoxa,0
118,Loxosoma_pectinaricola,0
123,Mnemiopsis_leidyi,0
134,Loxosoma_pectinaricola,0
149,Loxosoma_pectinaricola,0
150,Lottia_gigantea,0
154,Priapulus_sp,0
164,Homo_sapiens,0
166,Capitella_teleta,0
168,Hofstenia_miamia,0
171,Mnemiopsis_leidyi,0
180,Drosophila_melanogaster,0
181,Loxosoma_pectinaricola,0
206,Macrodasys_sp,0
206,Loxosoma_pectinaricola,0
208,Gallus_gallus,0
210,Loxosoma_pectinaricola,0
221,Homo_sapiens,0
228,Loxosoma_pectinaricola,0
235,Mnemiopsis_leidyi,0
241,Macrodasys_sp,0
246,Trichoplax_adhaerens,0
262,Amphimedon_queenslandica,0
269,Peripatopsis_capensis,0
271,Adineta_ricciae,0
278,Loxosoma_pectinaricola,0
280,Homo_sapiens,0
285,Loxosoma_pectinaricola,0
290,Lottia_gigantea,0
301,Macrodasys_sp,0
305,Mnemiopsis_leidyi,0
326,Macrodasys_sp,0
337,Loxosoma_pectinaricola,0
345,Homo_sapiens,0
354,Adineta_ricciae,0
369,Peripatopsis_capensis,0
371,Adineta_ricciae,0
374,Priapulus_sp,0
376,Phoronis_vancouverensis,0
49,Loxosoma_pectinaricola,0
85,Priapulus_sp,0
90,Loxosoma_pectinaricola,0
96,Loxosoma_pectinaricola,0
104,Macrodasys_sp,0
111,Gallus_gallus,0
119,Gnathostomula_paradoxa,0
122,Amphimedon_queenslandica,0
124,Macrodasys_sp,0
135,Macrodasys_sp,0
159,Gallus_gallus,0
160,Priapulus_sp,0
166,Loxosoma_pectinaricola,0
168,Loxosoma_pectinaricola,0
172,Homo_sapiens,0
192,Loxosoma_pectinaricola,0
209,Macrodasys_sp,0
210,Macrodasys_sp,0
212,Priapulus_sp,0
224,Gallus_gallus,0
227,Macrodasys_sp,0
233,Macrodasys_sp,0
234,Macrodasys_sp,0
234,Loxosoma_pectinaricola,0
250,Macrodasys_sp,0
285,Macrodasys_sp,0
291,Mnemiopsis_leidyi,0
306,Gnathostomula_paradoxa,0
307,Loxosoma_pectinaricola,0
322,Loxosoma_pectinaricola,0
340,Peripatopsis_capensis,0
347,Macrodasys_sp,0
359,Peripatopsis_capensis,0
377,Hofstenia_miamia,0
379,Xenoturbella_profundus,0
385,Peripatopsis_capensis,0
6,Macrodasys_sp,0
22,Macrodasys_sp,0
48,Macrodasys_sp,0
58,Gnathostomula_paradoxa,0
69,Macrodasys_sp,0
71,Loxosoma_pectinaricola,0
74,Macrodasys_sp,0
80,Priapulus_sp,0
85,Gnathostomula_paradoxa,0
111,Homo_sapiens,0
120,Peripatopsis_capensis,0
129,Gallus_gallus,0
160,Drosophila_melanogaster,0
188,Anneissia_japonica,0
197,Macrodasys_sp,0
201,Priapulus_sp,0
224,Homo_sapiens,0
225,Loxosoma_pectinaricola,0
266,Lottia_gigantea,0
268,Gallus_gallus,0
293,Macrodasys_sp,0
337,Macrodasys_sp,0
352,Macrodasys_sp,0
356,Priapulus_sp,0
36,Macrodasys_sp,0
41,Gallus_gallus,0
67,Macrodasys_sp,0
80,Drosophila_melanogaster,0
85,Drosophila_melanogaster,0
110,Gnathostomula_paradoxa,0
121,Homo_sapiens,0
129,Homo_sapiens,0
145,Gnathostomula_paradoxa,0
172,Gallus_gallus,0
214,Priapulus_sp,0
245,Macrodasys_sp,0
268,Homo_sapiens,0
356,Drosophila_melanogaster,0
23,Gnathostomula_paradoxa,0
41,Homo_sapiens,0
121,Baseodiscus_unicolor,0
159,Homo_sapiens,0
214,Drosophila_melanogaster,0
219,Phoronis_vancouverensis,0
250,Amphimedon_queenslandica,0
276,Gnathostomula_paradoxa,0
348,Gallus_gallus,0
24,Gnathostomula_paradoxa,0
30,Gnathostomula_paradoxa,0
91,Amphimedon_queenslandica,0
106,Gnathostomula_paradoxa,0
112,Gnathostomula_paradoxa,0
176,Gnathostomula_paradoxa,0
209,Amphimedon_queenslandica,0
348,Homo_sapiens,0
374,Amphimedon_queenslandica,0
143,Gnathostomula_paradoxa,0
165,Gnathostomula_paradoxa,0
202,Gnathostomula_paradoxa,0
236,Gnathostomula_paradoxa,0
311,Gnathostomula_paradoxa,0
322,Gnathostomula_paradoxa,0
324,Gnathostomula_paradoxa,0
332,Gnathostomula_paradoxa,0
335,Gnathostomula_paradoxa,0
71,Gnathostomula_paradoxa,0
102,Mnemiopsis_leidyi,0
138,Amphimedon_queenslandica,0
194,Peripatopsis_capensis,0
355,Amphimedon_queenslandica,0
139,Mnemiopsis_leidyi,0
169,Anneissia_japonica,0
65,Mnemiopsis_leidyi,0
125,Mnemiopsis_leidyi,0
132,Mnemiopsis_leidyi,0
326,Mnemiopsis_leidyi,0
355,Mnemiopsis_leidyi,0
132,Xenoturbella_profundus,0
1,Capitella_teleta,0.00001
2,Capitella_teleta,0.00001
4,Capitella_teleta,0.00001
5,Capitella_teleta,0.00001
11,Capitella_teleta,0.00001
12,Capitella_teleta,0.00001
16,Capitella_teleta,0.00001
18,Adineta_ricciae,0.00001
18,Gallus_gallus,0.00001
19,Loxosoma_pectinaricola,0.00001
19,Baseodiscus_unicolor,0.00001
20,Capitella_teleta,0.00001
23,Baseodiscus_unicolor,0.00001
26,Xenoturbella_bocki,0.00001
30,Capitella_teleta,0.00001
31,Capitella_teleta,0.00001
33,Loxosoma_pectinaricola,0.00001
34,Capitella_teleta,0.00001
36,Baseodiscus_unicolor,0.00001
39,Capitella_teleta,0.00001
41,Capitella_teleta,0.00001
44,Capitella_teleta,0.00001
47,Capitella_teleta,0.00001
49,Gnathostomula_paradoxa,0.00001
50,Capitella_teleta,0.00001
52,Capitella_teleta,0.00001
58,Loxosoma_pectinaricola,0.00001
59,Capitella_teleta,0.00001
60,Capitella_teleta,0.00001
60,Priapulus_sp,0.00001
62,Xenoturbella_bocki,0.00001
67,Baseodiscus_unicolor,0.00001
70,Capitella_teleta,0.00001
72,Drosophila_melanogaster,0.00001
72,Capitella_teleta,0.00001
73,Capitella_teleta,0.00001
78,Capitella_teleta,0.00001
79,Capitella_teleta,0.00001
80,Capitella_teleta,0.00001
88,Capitella_teleta,0.00001
89,Capitella_teleta,0.00001
89,Gallus_gallus,0.00001
92,Baseodiscus_unicolor,0.00001
94,Capitella_teleta,0.00001
94,Nematostella_vectensis,0.00001
96,Amphimedon_queenslandica,0.00001
96,Baseodiscus_unicolor,0.00001
97,Priapulus_sp,0.00001
98,Xenoturbella_bocki,0.00001
98,Capitella_teleta,0.00001
99,Capitella_teleta,0.00001
102,Capitella_teleta,0.00001
103,Xenoturbella_bocki,0.00001
103,Capitella_teleta,0.00001
105,Baseodiscus_unicolor,0.00001
106,Capitella_teleta,0.00001
107,Capitella_teleta,0.00001
112,Capitella_teleta,0.00001
113,Priapulus_sp,0.00001
114,Capitella_teleta,0.00001
115,Capitella_teleta,0.00001
116,Xenoturbella_bocki,0.00001
117,Capitella_teleta,0.00001
118,Baseodiscus_unicolor,0.00001
118,Priapulus_sp,0.00001
119,Capitella_teleta,0.00001
120,Peripatopsis_capensis,0.00001
122,Baseodiscus_unicolor,0.00001
129,Capitella_teleta,0.00001
130,Capitella_teleta,0.00001
132,Capitella_teleta,0.00001
133,Xenoturbella_bocki,0.00001
134,Xenoturbella_bocki,0.00001
135,Capitella_teleta,0.00001
142,Capitella_teleta,0.00001
143,Xenoturbella_bocki,0.00001
145,Capitella_teleta,0.00001
147,Capitella_teleta,0.00001
149,Capitella_teleta,0.00001
152,Priapulus_sp,0.00001
153,Capitella_teleta,0.00001
154,Priapulus_sp,0.00001
157,Capitella_teleta,0.00001
158,Capitella_teleta,0.00001
159,Capitella_teleta,0.00001
160,Adineta_ricciae,0.00001
162,Capitella_teleta,0.00001
166,Baseodiscus_unicolor,0.00001
168,Priapulus_sp,0.00001
171,Adineta_ricciae,0.00001
171,Capitella_teleta,0.00001
171,Priapulus_sp,0.00001
173,Capitella_teleta,0.00001
174,Xenoturbella_bocki,0.00001
175,Capitella_teleta,0.00001
176,Capitella_teleta,0.00001
177,Xenoturbella_bocki,0.00001
178,Loxosoma_pectinaricola,0.00001
179,Ciona_intestinalis,0.00001
181,Capitella_teleta,0.00001
182,Xenoturbella_bocki,0.00001
183,Capitella_teleta,0.00001
185,Loxosoma_pectinaricola,0.00001
187,Loxosoma_pectinaricola,0.00001
188,Capitella_teleta,0.00001
189,Drosophila_melanogaster,0.00001
189,Capitella_teleta,0.00001
189,Peripatopsis_capensis,0.00001
192,Phoronis_vancouverensis,0.00001
193,Baseodiscus_unicolor,0.00001
195,Capitella_teleta,0.00001
196,Xenoturbella_bocki,0.00001
196,Capitella_teleta,0.00001
196,Priapulus_sp,0.00001
198,Capitella_teleta,0.00001
199,Loxosoma_pectinaricola,0.00001
200,Capitella_teleta,0.00001
203,Capitella_teleta,0.00001
204,Capitella_teleta,0.00001
210,Baseodiscus_unicolor,0.00001
212,Priapulus_sp,0.00001
213,Xenoturbella_bocki,0.00001
215,Capitella_teleta,0.00001
217,Priapulus_sp,0.00001
218,Capitella_teleta,0.00001
219,Capitella_teleta,0.00001
220,Loxosoma_pectinaricola,0.00001
221,Gallus_gallus,0.00001
224,Peripatopsis_capensis,0.00001
225,Baseodiscus_unicolor,0.00001
226,Capitella_teleta,0.00001
228,Capitella_teleta,0.00001
230,Loxosoma_pectinaricola,0.00001
231,Capitella_teleta,0.00001
234,Capitella_teleta,0.00001
235,Xenoturbella_bocki,0.00001
235,Capitella_teleta,0.00001
236,Gallus_gallus,0.00001
239,Hofstenia_miamia,0.00001
239,Capitella_teleta,0.00001
240,Capitella_teleta,0.00001
245,Capitella_teleta,0.00001
246,Capitella_teleta,0.00001
246,Priapulus_sp,0.00001
247,Capitella_teleta,0.00001
249,Loxosoma_pectinaricola,0.00001
250,Capitella_teleta,0.00001
251,Capitella_teleta,0.00001
254,Capitella_teleta,0.00001
255,Capitella_teleta,0.00001
257,Capitella_teleta,0.00001
260,Loxosoma_pectinaricola,0.00001
261,Xenoturbella_bocki,0.00001
262,Xenoturbella_bocki,0.00001
269,Capitella_teleta,0.00001
269,Priapulus_sp,0.00001
270,Capitella_teleta,0.00001
274,Capitella_teleta,0.00001
276,Xenoturbella_bocki,0.00001
280,Gallus_gallus,0.00001
281,Capitella_teleta,0.00001
282,Capitella_teleta,0.00001
283,Capitella_teleta,0.00001
286,Capitella_teleta,0.00001
289,Xenoturbella_bocki,0.00001
289,Capitella_teleta,0.00001
293,Capitella_teleta,0.00001
294,Loxosoma_pectinaricola,0.00001
294,Baseodiscus_unicolor,0.00001
296,Capitella_teleta,0.00001
297,Capitella_teleta,0.00001
298,Capitella_teleta,0.00001
299,Capitella_teleta,0.00001
300,Capitella_teleta,0.00001
301,Capitella_teleta,0.00001
306,Baseodiscus_unicolor,0.00001
309,Xenoturbella_bocki,0.00001
311,Capitella_teleta,0.00001
312,Capitella_teleta,0.00001
315,Capitella_teleta,0.00001
316,Baseodiscus_unicolor,0.00001
319,Capitella_teleta,0.00001
321,Capitella_teleta,0.00001
322,Capitella_teleta,0.00001
323,Baseodiscus_unicolor,0.00001
326,Xenoturbella_bocki,0.00001
328,Xenoturbella_bocki,0.00001
331,Capitella_teleta,0.00001
339,Capitella_teleta,0.00001
341,Capitella_teleta,0.00001
342,Capitella_teleta,0.00001
345,Capitella_teleta,0.00001
346,Capitella_teleta,0.00001
347,Baseodiscus_unicolor,0.00001
349,Capitella_teleta,0.00001
355,Capitella_teleta,0.00001
357,Mnemiopsis_leidyi,0.00001
357,Baseodiscus_unicolor,0.00001
358,Capitella_teleta,0.00001
359,Phoronis_vancouverensis,0.00001
360,Capitella_teleta,0.00001
363,Capitella_teleta,0.00001
366,Capitella_teleta,0.00001
367,Capitella_teleta,0.00001
368,Priapulus_sp,0.00001
369,Priapulus_sp,0.00001
370,Xenoturbella_bocki,0.00001
371,Capitella_teleta,0.00001
372,Capitella_teleta,0.00001
372,Phoronis_vancouverensis,0.00001
373,Loxosoma_pectinaricola,0.00001
374,Xenoturbella_bocki,0.00001
377,Priapulus_sp,0.00001
379,Xenoturbella_bocki,0.00001
381,Amphimedon_queenslandica,0.00001
381,Capitella_teleta,0.00001
385,Capitella_teleta,0.00001
387,Xenoturbella_bocki,0.00001
388,Xenoturbella_bocki,0.00001
391,Capitella_teleta,0.00001
1,Mnemiopsis_leidyi,0.00001
1,Loxosoma_pectinaricola,0.00001
12,Loxosoma_pectinaricola,0.00001
18,Loxosoma_pectinaricola,0.00001
52,Adineta_ricciae,0.00001
55,Mnemiopsis_leidyi,0.00001
55,Loxosoma_pectinaricola,0.00001
56,Loxosoma_pectinaricola,0.00001
65,Loxosoma_pectinaricola,0.00001
97,Amphimedon_queenslandica,0.00001
101,Loxosoma_pectinaricola,0.00001
104,Macrodasys_sp,0.00001
108,Loxosoma_pectinaricola,0.00001
113,Gnathostomula_paradoxa,0.00001
115,Adineta_ricciae,0.00001
118,Loxosoma_pectinaricola,0.00001
122,Peripatopsis_capensis,0.00001
123,Mnemiopsis_leidyi,0.00001
127,Mnemiopsis_leidyi,0.00001
132,Adineta_ricciae,0.00001
133,Adineta_ricciae,0.00001
134,Loxosoma_pectinaricola,0.00001
141,Adineta_ricciae,0.00001
149,Loxosoma_pectinaricola,0.00001
150,Lottia_gigantea,0.00001
152,Branchiostoma_floridae,0.00001
155,Gnathostomula_paradoxa,0.00001
164,Gallus_gallus,0.00001
166,Loxosoma_pectinaricola,0.00001
168,Hofstenia_miamia,0.00001
169,Anneissia_japonica,0.00001
171,Mnemiopsis_leidyi,0.00001
173,Adineta_ricciae,0.00001
180,Drosophila_melanogaster,0.00001
181,Loxosoma_pectinaricola,0.00001
195,Adineta_ricciae,0.00001
204,Baseodiscus_unicolor,0.00001
206,Macrodasys_sp,0.00001
206,Loxosoma_pectinaricola,0.00001
208,Gallus_gallus,0.00001
210,Macrodasys_sp,0.00001
210,Loxosoma_pectinaricola,0.00001
211,Adineta_ricciae,0.00001
215,Baseodiscus_unicolor,0.00001
221,Homo_sapiens,0.00001
228,Macrodasys_sp,0.00001
228,Loxosoma_pectinaricola,0.00001
229,Adineta_ricciae,0.00001
235,Mnemiopsis_leidyi,0.00001
241,Macrodasys_sp,0.00001
246,Trichoplax_adhaerens,0.00001
269,Peripatopsis_capensis,0.00001
278,Loxosoma_pectinaricola,0.00001
280,Homo_sapiens,0.00001
285,Loxosoma_pectinaricola,0.00001
290,Lottia_gigantea,0.00001
291,Mnemiopsis_leidyi,0.00001
301,Macrodasys_sp,0.00001
305,Mnemiopsis_leidyi,0.00001
326,Macrodasys_sp,0.00001
337,Loxosoma_pectinaricola,0.00001
345,Homo_sapiens,0.00001
346,Homo_sapiens,0.00001
351,Loxosoma_pectinaricola,0.00001
353,Drosophila_melanogaster,0.00001
354,Adineta_ricciae,0.00001
357,Loxosoma_pectinaricola,0.00001
364,Adineta_ricciae,0.00001
369,Peripatopsis_capensis,0.00001
374,Priapulus_sp,0.00001
386,Adineta_ricciae,0.00001
387,Xenoturbella_profundus,0.00001
6,Macrodasys_sp,0.00001
34,Adineta_ricciae,0.00001
48,Macrodasys_sp,0.00001
49,Loxosoma_pectinaricola,0.00001
55,Hofstenia_miamia,0.00001
60,Adineta_ricciae,0.00001
69,Macrodasys_sp,0.00001
74,Macrodasys_sp,0.00001
81,Adineta_ricciae,0.00001
85,Gnathostomula_paradoxa,0.00001
85,Priapulus_sp,0.00001
96,Mnemiopsis_leidyi,0.00001
96,Loxosoma_pectinaricola,0.00001
102,Mnemiopsis_leidyi,0.00001
111,Gallus_gallus,0.00001
114,Anneissia_japonica,0.00001
122,Amphimedon_queenslandica,0.00001
124,Macrodasys_sp,0.00001
125,Mnemiopsis_leidyi,0.00001
132,Mnemiopsis_leidyi,0.00001
135,Macrodasys_sp,0.00001
139,Mnemiopsis_leidyi,0.00001
160,Priapulus_sp,0.00001
168,Loxosoma_pectinaricola,0.00001
172,Homo_sapiens,0.00001
192,Loxosoma_pectinaricola,0.00001
201,Priapulus_sp,0.00001
209,Macrodasys_sp,0.00001
223,Branchiostoma_floridae,0.00001
224,Gallus_gallus,0.00001
227,Macrodasys_sp,0.00001
233,Macrodasys_sp,0.00001
234,Macrodasys_sp,0.00001
234,Loxosoma_pectinaricola,0.00001
250,Macrodasys_sp,0.00001
262,Amphimedon_queenslandica,0.00001
268,Gallus_gallus,0.00001
271,Adineta_ricciae,0.00001
285,Macrodasys_sp,0.00001
293,Macrodasys_sp,0.00001
306,Gnathostomula_paradoxa,0.00001
307,Loxosoma_pectinaricola,0.00001
322,Loxosoma_pectinaricola,0.00001
326,Mnemiopsis_leidyi,0.00001
337,Macrodasys_sp,0.00001
340,Peripatopsis_capensis,0.00001
347,Macrodasys_sp,0.00001
352,Macrodasys_sp,0.00001
356,Priapulus_sp,0.00001
359,Peripatopsis_capensis,0.00001
371,Adineta_ricciae,0.00001
372,Mnemiopsis_leidyi,0.00001
377,Hofstenia_miamia,0.00001
379,Xenoturbella_profundus,0.00001
22,Macrodasys_sp,0.00001
36,Macrodasys_sp,0.00001
41,Gallus_gallus,0.00001
65,Mnemiopsis_leidyi,0.00001
67,Macrodasys_sp,0.00001
71,Loxosoma_pectinaricola,0.00001
80,Priapulus_sp,0.00001
85,Drosophila_melanogaster,0.00001
94,Priapulus_sp,0.00001
111,Homo_sapiens,0.00001
121,Homo_sapiens,0.00001
129,Gallus_gallus,0.00001
132,Xenoturbella_profundus,0.00001
159,Gallus_gallus,0.00001
160,Drosophila_melanogaster,0.00001
166,Capitella_teleta,0.00001
172,Gallus_gallus,0.00001
209,Amphimedon_queenslandica,0.00001
214,Priapulus_sp,0.00001
224,Homo_sapiens,0.00001
225,Loxosoma_pectinaricola,0.00001
245,Macrodasys_sp,0.00001
250,Amphimedon_queenslandica,0.00001
268,Homo_sapiens,0.00001
348,Gallus_gallus,0.00001
355,Mnemiopsis_leidyi,0.00001
356,Drosophila_melanogaster,0.00001
41,Homo_sapiens,0.00001
80,Drosophila_melanogaster,0.00001
91,Amphimedon_queenslandica,0.00001
121,Baseodiscus_unicolor,0.00001
129,Homo_sapiens,0.00001
210,Nematostella_vectensis,0.00001
214,Drosophila_melanogaster,0.00001
334,Loxosoma_pectinaricola,0.00001
348,Homo_sapiens,0.00001
374,Amphimedon_queenslandica,0.00001
142,Lottia_gigantea,0.00001
165,Amphimedon_queenslandica,0.00001
209,Loxosoma_pectinaricola,0.00001
212,Drosophila_melanogaster,0.00001
219,Phoronis_vancouverensis,0.00001
198,Mnemiopsis_leidyi,0.00001
1,Capitella_teleta,0.0001
2,Capitella_teleta,0.0001
4,Capitella_teleta,0.0001
5,Capitella_teleta,0.0001
11,Capitella_teleta,0.0001
12,Capitella_teleta,0.0001
16,Capitella_teleta,0.0001
18,Adineta_ricciae,0.0001
18,Gallus_gallus,0.0001
19,Loxosoma_pectinaricola,0.0001
19,Baseodiscus_unicolor,0.0001
20,Capitella_teleta,0.0001
23,Baseodiscus_unicolor,0.0001
26,Xenoturbella_bocki,0.0001
30,Capitella_teleta,0.0001
31,Capitella_teleta,0.0001
33,Loxosoma_pectinaricola,0.0001
34,Capitella_teleta,0.0001
36,Baseodiscus_unicolor,0.0001
39,Capitella_teleta,0.0001
41,Capitella_teleta,0.0001
44,Capitella_teleta,0.0001
47,Capitella_teleta,0.0001
49,Gnathostomula_paradoxa,0.0001
50,Capitella_teleta,0.0001
52,Adineta_ricciae,0.0001
52,Capitella_teleta,0.0001
56,Loxosoma_pectinaricola,0.0001
59,Capitella_teleta,0.0001
60,Capitella_teleta,0.0001
60,Priapulus_sp,0.0001
62,Xenoturbella_bocki,0.0001
67,Baseodiscus_unicolor,0.0001
70,Capitella_teleta,0.0001
72,Drosophila_melanogaster,0.0001
72,Capitella_teleta,0.0001
73,Capitella_teleta,0.0001
78,Capitella_teleta,0.0001
79,Capitella_teleta,0.0001
80,Capitella_teleta,0.0001
84,Xenoturbella_bocki,0.0001
88,Capitella_teleta,0.0001
89,Capitella_teleta,0.0001
89,Gallus_gallus,0.0001
94,Capitella_teleta,0.0001
94,Nematostella_vectensis,0.0001
96,Amphimedon_queenslandica,0.0001
96,Baseodiscus_unicolor,0.0001
97,Priapulus_sp,0.0001
98,Xenoturbella_bocki,0.0001
98,Capitella_teleta,0.0001
99,Capitella_teleta,0.0001
102,Capitella_teleta,0.0001
103,Xenoturbella_bocki,0.0001
103,Capitella_teleta,0.0001
106,Capitella_teleta,0.0001
107,Capitella_teleta,0.0001
112,Capitella_teleta,0.0001
113,Priapulus_sp,0.0001
114,Capitella_teleta,0.0001
115,Capitella_teleta,0.0001
116,Xenoturbella_bocki,0.0001
117,Capitella_teleta,0.0001
118,Capitella_teleta,0.0001
118,Priapulus_sp,0.0001
120,Peripatopsis_capensis,0.0001
122,Baseodiscus_unicolor,0.0001
127,Mnemiopsis_leidyi,0.0001
129,Capitella_teleta,0.0001
130,Capitella_teleta,0.0001
132,Adineta_ricciae,0.0001
132,Capitella_teleta,0.0001
133,Xenoturbella_bocki,0.0001
134,Xenoturbella_bocki,0.0001
135,Capitella_teleta,0.0001
142,Capitella_teleta,0.0001
143,Xenoturbella_bocki,0.0001
145,Capitella_teleta,0.0001
147,Capitella_teleta,0.0001
149,Capitella_teleta,0.0001
152,Priapulus_sp,0.0001
153,Capitella_teleta,0.0001
157,Capitella_teleta,0.0001
158,Capitella_teleta,0.0001
159,Capitella_teleta,0.0001
162,Capitella_teleta,0.0001
168,Priapulus_sp,0.0001
171,Adineta_ricciae,0.0001
171,Capitella_teleta,0.0001
171,Priapulus_sp,0.0001
173,Capitella_teleta,0.0001
174,Xenoturbella_bocki,0.0001
175,Capitella_teleta,0.0001
176,Capitella_teleta,0.0001
177,Xenoturbella_bocki,0.0001
178,Loxosoma_pectinaricola,0.0001
179,Ciona_intestinalis,0.0001
181,Capitella_teleta,0.0001
182,Xenoturbella_bocki,0.0001
183,Capitella_teleta,0.0001
185,Loxosoma_pectinaricola,0.0001
187,Loxosoma_pectinaricola,0.0001
188,Capitella_teleta,0.0001
189,Drosophila_melanogaster,0.0001
189,Capitella_teleta,0.0001
189,Peripatopsis_capensis,0.0001
192,Phoronis_vancouverensis,0.0001
193,Baseodiscus_unicolor,0.0001
195,Capitella_teleta,0.0001
196,Xenoturbella_bocki,0.0001
196,Capitella_teleta,0.0001
196,Priapulus_sp,0.0001
198,Capitella_teleta,0.0001
199,Loxosoma_pectinaricola,0.0001
200,Capitella_teleta,0.0001
203,Capitella_teleta,0.0001
204,Capitella_teleta,0.0001
210,Baseodiscus_unicolor,0.0001
212,Drosophila_melanogaster,0.0001
212,Priapulus_sp,0.0001
213,Xenoturbella_bocki,0.0001
215,Capitella_teleta,0.0001
217,Priapulus_sp,0.0001
218,Capitella_teleta,0.0001
219,Capitella_teleta,0.0001
220,Loxosoma_pectinaricola,0.0001
221,Gallus_gallus,0.0001
224,Peripatopsis_capensis,0.0001
225,Baseodiscus_unicolor,0.0001
226,Capitella_teleta,0.0001
228,Capitella_teleta,0.0001
230,Loxosoma_pectinaricola,0.0001
231,Capitella_teleta,0.0001
234,Capitella_teleta,0.0001
235,Xenoturbella_bocki,0.0001
235,Capitella_teleta,0.0001
236,Gallus_gallus,0.0001
239,Capitella_teleta,0.0001
240,Capitella_teleta,0.0001
245,Capitella_teleta,0.0001
246,Capitella_teleta,0.0001
246,Priapulus_sp,0.0001
247,Capitella_teleta,0.0001
249,Loxosoma_pectinaricola,0.0001
250,Capitella_teleta,0.0001
251,Capitella_teleta,0.0001
254,Capitella_teleta,0.0001
255,Capitella_teleta,0.0001
257,Capitella_teleta,0.0001
260,Loxosoma_pectinaricola,0.0001
261,Xenoturbella_bocki,0.0001
262,Xenoturbella_bocki,0.0001
269,Capitella_teleta,0.0001
274,Capitella_teleta,0.0001
276,Xenoturbella_bocki,0.0001
280,Gallus_gallus,0.0001
281,Capitella_teleta,0.0001
282,Capitella_teleta,0.0001
286,Capitella_teleta,0.0001
289,Xenoturbella_bocki,0.0001
289,Capitella_teleta,0.0001
293,Capitella_teleta,0.0001
294,Loxosoma_pectinaricola,0.0001
294,Baseodiscus_unicolor,0.0001
296,Capitella_teleta,0.0001
297,Capitella_teleta,0.0001
298,Capitella_teleta,0.0001
299,Capitella_teleta,0.0001
300,Capitella_teleta,0.0001
301,Capitella_teleta,0.0001
306,Baseodiscus_unicolor,0.0001
309,Xenoturbella_bocki,0.0001
311,Capitella_teleta,0.0001
312,Capitella_teleta,0.0001
315,Capitella_teleta,0.0001
316,Baseodiscus_unicolor,0.0001
319,Capitella_teleta,0.0001
321,Capitella_teleta,0.0001
322,Capitella_teleta,0.0001
323,Baseodiscus_unicolor,0.0001
326,Xenoturbella_bocki,0.0001
328,Xenoturbella_bocki,0.0001
331,Capitella_teleta,0.0001
339,Capitella_teleta,0.0001
341,Capitella_teleta,0.0001
342,Capitella_teleta,0.0001
345,Capitella_teleta,0.0001
346,Capitella_teleta,0.0001
346,Homo_sapiens,0.0001
347,Baseodiscus_unicolor,0.0001
349,Capitella_teleta,0.0001
351,Loxosoma_pectinaricola,0.0001
355,Capitella_teleta,0.0001
357,Mnemiopsis_leidyi,0.0001
357,Baseodiscus_unicolor,0.0001
358,Capitella_teleta,0.0001
359,Phoronis_vancouverensis,0.0001
360,Capitella_teleta,0.0001
363,Capitella_teleta,0.0001
366,Capitella_teleta,0.0001
367,Capitella_teleta,0.0001
368,Priapulus_sp,0.0001
369,Priapulus_sp,0.0001
370,Xenoturbella_bocki,0.0001
371,Capitella_teleta,0.0001
372,Capitella_teleta,0.0001
372,Phoronis_vancouverensis,0.0001
373,Loxosoma_pectinaricola,0.0001
374,Xenoturbella_bocki,0.0001
377,Priapulus_sp,0.0001
379,Xenoturbella_bocki,0.0001
381,Amphimedon_queenslandica,0.0001
381,Capitella_teleta,0.0001
387,Xenoturbella_bocki,0.0001
388,Xenoturbella_bocki,0.0001
391,Capitella_teleta,0.0001
12,Loxosoma_pectinaricola,0.0001
18,Loxosoma_pectinaricola,0.0001
55,Loxosoma_pectinaricola,0.0001
58,Loxosoma_pectinaricola,0.0001
65,Loxosoma_pectinaricola,0.0001
97,Amphimedon_queenslandica,0.0001
101,Loxosoma_pectinaricola,0.0001
104,Macrodasys_sp,0.0001
108,Loxosoma_pectinaricola,0.0001
114,Anneissia_japonica,0.0001
115,Adineta_ricciae,0.0001
118,Loxosoma_pectinaricola,0.0001
122,Peripatopsis_capensis,0.0001
123,Mnemiopsis_leidyi,0.0001
124,Macrodasys_sp,0.0001
133,Adineta_ricciae,0.0001
134,Loxosoma_pectinaricola,0.0001
141,Adineta_ricciae,0.0001
150,Lottia_gigantea,0.0001
152,Branchiostoma_floridae,0.0001
154,Priapulus_sp,0.0001
155,Gnathostomula_paradoxa,0.0001
160,Adineta_ricciae,0.0001
160,Priapulus_sp,0.0001
164,Gallus_gallus,0.0001
166,Loxosoma_pectinaricola,0.0001
168,Hofstenia_miamia,0.0001
171,Mnemiopsis_leidyi,0.0001
172,Homo_sapiens,0.0001
173,Adineta_ricciae,0.0001
181,Loxosoma_pectinaricola,0.0001
195,Adineta_ricciae,0.0001
204,Baseodiscus_unicolor,0.0001
206,Macrodasys_sp,0.0001
206,Loxosoma_pectinaricola,0.0001
210,Loxosoma_pectinaricola,0.0001
211,Adineta_ricciae,0.0001
215,Baseodiscus_unicolor,0.0001
221,Homo_sapiens,0.0001
228,Macrodasys_sp,0.0001
228,Loxosoma_pectinaricola,0.0001
229,Adineta_ricciae,0.0001
235,Mnemiopsis_leidyi,0.0001
239,Hofstenia_miamia,0.0001
241,Macrodasys_sp,0.0001
246,Trichoplax_adhaerens,0.0001
269,Peripatopsis_capensis,0.0001
278,Loxosoma_pectinaricola,0.0001
280,Homo_sapiens,0.0001
285,Loxosoma_pectinaricola,0.0001
290,Lottia_gigantea,0.0001
301,Macrodasys_sp,0.0001
305,Mnemiopsis_leidyi,0.0001
337,Loxosoma_pectinaricola,0.0001
340,Peripatopsis_capensis,0.0001
345,Homo_sapiens,0.0001
353,Drosophila_melanogaster,0.0001
357,Loxosoma_pectinaricola,0.0001
359,Peripatopsis_capensis,0.0001
364,Adineta_ricciae,0.0001
369,Peripatopsis_capensis,0.0001
371,Adineta_ricciae,0.0001
386,Adineta_ricciae,0.0001
387,Xenoturbella_profundus,0.0001
1,Mnemiopsis_leidyi,0.0001
1,Adineta_ricciae,0.0001
1,Loxosoma_pectinaricola,0.0001
6,Macrodasys_sp,0.0001
34,Adineta_ricciae,0.0001
48,Macrodasys_sp,0.0001
49,Loxosoma_pectinaricola,0.0001
55,Mnemiopsis_leidyi,0.0001
60,Adineta_ricciae,0.0001
69,Macrodasys_sp,0.0001
74,Macrodasys_sp,0.0001
81,Adineta_ricciae,0.0001
85,Gnathostomula_paradoxa,0.0001
85,Priapulus_sp,0.0001
94,Priapulus_sp,0.0001
96,Loxosoma_pectinaricola,0.0001
111,Gallus_gallus,0.0001
113,Gnathostomula_paradoxa,0.0001
118,Baseodiscus_unicolor,0.0001
135,Macrodasys_sp,0.0001
159,Gallus_gallus,0.0001
168,Loxosoma_pectinaricola,0.0001
169,Anneissia_japonica,0.0001
180,Drosophila_melanogaster,0.0001
192,Loxosoma_pectinaricola,0.0001
209,Macrodasys_sp,0.0001
210,Macrodasys_sp,0.0001
215,Peripatopsis_capensis,0.0001
223,Branchiostoma_floridae,0.0001
224,Gallus_gallus,0.0001
227,Macrodasys_sp,0.0001
233,Macrodasys_sp,0.0001
234,Macrodasys_sp,0.0001
234,Loxosoma_pectinaricola,0.0001
250,Macrodasys_sp,0.0001
262,Amphimedon_queenslandica,0.0001
268,Gallus_gallus,0.0001
269,Priapulus_sp,0.0001
271,Adineta_ricciae,0.0001
285,Macrodasys_sp,0.0001
291,Mnemiopsis_leidyi,0.0001
293,Macrodasys_sp,0.0001
306,Gnathostomula_paradoxa,0.0001
307,Loxosoma_pectinaricola,0.0001
337,Macrodasys_sp,0.0001
347,Macrodasys_sp,0.0001
352,Macrodasys_sp,0.0001
354,Adineta_ricciae,0.0001
374,Priapulus_sp,0.0001
379,Xenoturbella_profundus,0.0001
385,Peripatopsis_capensis,0.0001
22,Macrodasys_sp,0.0001
36,Macrodasys_sp,0.0001
55,Hofstenia_miamia,0.0001
67,Macrodasys_sp,0.0001
85,Drosophila_melanogaster,0.0001
111,Homo_sapiens,0.0001
121,Homo_sapiens,0.0001
129,Gallus_gallus,0.0001
160,Drosophila_melanogaster,0.0001
172,Gallus_gallus,0.0001
201,Priapulus_sp,0.0001
214,Priapulus_sp,0.0001
224,Homo_sapiens,0.0001
245,Macrodasys_sp,0.0001
326,Macrodasys_sp,0.0001
356,Priapulus_sp,0.0001
41,Gallus_gallus,0.0001
71,Loxosoma_pectinaricola,0.0001
80,Priapulus_sp,0.0001
91,Amphimedon_queenslandica,0.0001
110,Gnathostomula_paradoxa,0.0001
121,Baseodiscus_unicolor,0.0001
129,Homo_sapiens,0.0001
145,Gnathostomula_paradoxa,0.0001
268,Homo_sapiens,0.0001
41,Homo_sapiens,0.0001
1,Capitella_teleta,0.001
2,Capitella_teleta,0.001
5,Capitella_teleta,0.001
11,Capitella_teleta,0.001
12,Loxosoma_pectinaricola,0.001
16,Capitella_teleta,0.001
18,Adineta_ricciae,0.001
18,Gallus_gallus,0.001
19,Loxosoma_pectinaricola,0.001
19,Baseodiscus_unicolor,0.001
20,Capitella_teleta,0.001
23,Baseodiscus_unicolor,0.001
30,Capitella_teleta,0.001
31,Capitella_teleta,0.001
33,Loxosoma_pectinaricola,0.001
34,Capitella_teleta,0.001
36,Baseodiscus_unicolor,0.001
39,Capitella_teleta,0.001
41,Capitella_teleta,0.001
47,Capitella_teleta,0.001
49,Gnathostomula_paradoxa,0.001
50,Capitella_teleta,0.001
52,Adineta_ricciae,0.001
52,Capitella_teleta,0.001
56,Loxosoma_pectinaricola,0.001
59,Capitella_teleta,0.001
60,Capitella_teleta,0.001
60,Priapulus_sp,0.001
67,Baseodiscus_unicolor,0.001
70,Capitella_teleta,0.001
72,Capitella_teleta,0.001
73,Capitella_teleta,0.001
78,Capitella_teleta,0.001
79,Capitella_teleta,0.001
80,Capitella_teleta,0.001
84,Xenoturbella_bocki,0.001
88,Capitella_teleta,0.001
89,Capitella_teleta,0.001
89,Gallus_gallus,0.001
94,Capitella_teleta,0.001
94,Priapulus_sp,0.001
94,Nematostella_vectensis,0.001
95,Phoronis_vancouverensis,0.001
96,Amphimedon_queenslandica,0.001
96,Baseodiscus_unicolor,0.001
97,Priapulus_sp,0.001
98,Xenoturbella_bocki,0.001
98,Capitella_teleta,0.001
99,Capitella_teleta,0.001
102,Capitella_teleta,0.001
103,Xenoturbella_bocki,0.001
103,Capitella_teleta,0.001
106,Capitella_teleta,0.001
107,Capitella_teleta,0.001
108,Loxosoma_pectinaricola,0.001
112,Capitella_teleta,0.001
113,Priapulus_sp,0.001
114,Capitella_teleta,0.001
115,Capitella_teleta,0.001
116,Xenoturbella_bocki,0.001
117,Capitella_teleta,0.001
118,Loxosoma_pectinaricola,0.001
118,Priapulus_sp,0.001
120,Peripatopsis_capensis,0.001
122,Baseodiscus_unicolor,0.001
122,Peripatopsis_capensis,0.001
124,Macrodasys_sp,0.001
127,Mnemiopsis_leidyi,0.001
129,Capitella_teleta,0.001
130,Capitella_teleta,0.001
132,Adineta_ricciae,0.001
132,Capitella_teleta,0.001
133,Adineta_ricciae,0.001
133,Xenoturbella_bocki,0.001
134,Xenoturbella_bocki,0.001
135,Capitella_teleta,0.001
136,Xenoturbella_bocki,0.001
141,Adineta_ricciae,0.001
142,Capitella_teleta,0.001
143,Xenoturbella_bocki,0.001
145,Capitella_teleta,0.001
147,Capitella_teleta,0.001
149,Capitella_teleta,0.001
152,Priapulus_sp,0.001
157,Capitella_teleta,0.001
159,Capitella_teleta,0.001
162,Capitella_teleta,0.001
168,Priapulus_sp,0.001
171,Capitella_teleta,0.001
171,Priapulus_sp,0.001
173,Adineta_ricciae,0.001
173,Capitella_teleta,0.001
174,Xenoturbella_bocki,0.001
175,Capitella_teleta,0.001
176,Capitella_teleta,0.001
177,Xenoturbella_bocki,0.001
178,Loxosoma_pectinaricola,0.001
179,Ciona_intestinalis,0.001
181,Capitella_teleta,0.001
182,Xenoturbella_bocki,0.001
183,Capitella_teleta,0.001
185,Loxosoma_pectinaricola,0.001
187,Loxosoma_pectinaricola,0.001
188,Capitella_teleta,0.001
189,Drosophila_melanogaster,0.001
189,Capitella_teleta,0.001
189,Peripatopsis_capensis,0.001
192,Phoronis_vancouverensis,0.001
193,Baseodiscus_unicolor,0.001
195,Capitella_teleta,0.001
196,Xenoturbella_bocki,0.001
196,Capitella_teleta,0.001
196,Priapulus_sp,0.001
198,Capitella_teleta,0.001
199,Loxosoma_pectinaricola,0.001
200,Capitella_teleta,0.001
203,Capitella_teleta,0.001
204,Capitella_teleta,0.001
211,Adineta_ricciae,0.001
212,Drosophila_melanogaster,0.001
212,Priapulus_sp,0.001
213,Xenoturbella_bocki,0.001
215,Capitella_teleta,0.001
215,Peripatopsis_capensis,0.001
217,Priapulus_sp,0.001
218,Capitella_teleta,0.001
219,Capitella_teleta,0.001
220,Loxosoma_pectinaricola,0.001
221,Gallus_gallus,0.001
224,Peripatopsis_capensis,0.001
226,Capitella_teleta,0.001
228,Macrodasys_sp,0.001
228,Capitella_teleta,0.001
230,Loxosoma_pectinaricola,0.001
231,Xenoturbella_bocki,0.001
231,Capitella_teleta,0.001
234,Capitella_teleta,0.001
235,Xenoturbella_bocki,0.001
235,Capitella_teleta,0.001
239,Capitella_teleta,0.001
240,Capitella_teleta,0.001
241,Macrodasys_sp,0.001
245,Capitella_teleta,0.001
246,Capitella_teleta,0.001
246,Priapulus_sp,0.001
247,Capitella_teleta,0.001
249,Loxosoma_pectinaricola,0.001
250,Capitella_teleta,0.001
251,Capitella_teleta,0.001
254,Capitella_teleta,0.001
255,Capitella_teleta,0.001
257,Capitella_teleta,0.001
269,Capitella_teleta,0.001
274,Capitella_teleta,0.001
276,Xenoturbella_bocki,0.001
280,Gallus_gallus,0.001
281,Capitella_teleta,0.001
282,Capitella_teleta,0.001
286,Capitella_teleta,0.001
289,Xenoturbella_bocki,0.001
289,Capitella_teleta,0.001
293,Capitella_teleta,0.001
294,Loxosoma_pectinaricola,0.001
294,Baseodiscus_unicolor,0.001
295,Amphimedon_queenslandica,0.001
296,Capitella_teleta,0.001
297,Capitella_teleta,0.001
298,Capitella_teleta,0.001
299,Capitella_teleta,0.001
300,Capitella_teleta,0.001
305,Mnemiopsis_leidyi,0.001
306,Baseodiscus_unicolor,0.001
309,Xenoturbella_bocki,0.001
312,Capitella_teleta,0.001
315,Capitella_teleta,0.001
316,Baseodiscus_unicolor,0.001
318,Homo_sapiens,0.001
319,Capitella_teleta,0.001
322,Capitella_teleta,0.001
323,Baseodiscus_unicolor,0.001
326,Xenoturbella_bocki,0.001
328,Xenoturbella_bocki,0.001
331,Capitella_teleta,0.001
339,Capitella_teleta,0.001
341,Capitella_teleta,0.001
342,Capitella_teleta,0.001
345,Capitella_teleta,0.001
346,Capitella_teleta,0.001
347,Baseodiscus_unicolor,0.001
349,Capitella_teleta,0.001
351,Loxosoma_pectinaricola,0.001
355,Capitella_teleta,0.001
357,Mnemiopsis_leidyi,0.001
357,Loxosoma_pectinaricola,0.001
357,Baseodiscus_unicolor,0.001
358,Capitella_teleta,0.001
359,Phoronis_vancouverensis,0.001
360,Capitella_teleta,0.001
363,Capitella_teleta,0.001
364,Adineta_ricciae,0.001
365,Capitella_teleta,0.001
366,Capitella_teleta,0.001
367,Capitella_teleta,0.001
368,Priapulus_sp,0.001
369,Priapulus_sp,0.001
370,Xenoturbella_bocki,0.001
371,Capitella_teleta,0.001
372,Capitella_teleta,0.001
372,Phoronis_vancouverensis,0.001
373,Loxosoma_pectinaricola,0.001
374,Xenoturbella_bocki,0.001
377,Priapulus_sp,0.001
379,Xenoturbella_bocki,0.001
381,Capitella_teleta,0.001
387,Xenoturbella_bocki,0.001
388,Xenoturbella_bocki,0.001
391,Capitella_teleta,0.001
18,Loxosoma_pectinaricola,0.001
34,Adineta_ricciae,0.001
58,Loxosoma_pectinaricola,0.001
60,Adineta_ricciae,0.001
65,Loxosoma_pectinaricola,0.001
72,Drosophila_melanogaster,0.001
81,Adineta_ricciae,0.001
101,Loxosoma_pectinaricola,0.001
104,Macrodasys_sp,0.001
120,Priapulus_sp,0.001
123,Mnemiopsis_leidyi,0.001
134,Loxosoma_pectinaricola,0.001
135,Macrodasys_sp,0.001
152,Branchiostoma_floridae,0.001
155,Gnathostomula_paradoxa,0.001
164,Gallus_gallus,0.001
166,Loxosoma_pectinaricola,0.001
171,Mnemiopsis_leidyi,0.001
181,Loxosoma_pectinaricola,0.001
195,Adineta_ricciae,0.001
204,Baseodiscus_unicolor,0.001
215,Baseodiscus_unicolor,0.001
221,Homo_sapiens,0.001
227,Macrodasys_sp,0.001
228,Loxosoma_pectinaricola,0.001
229,Adineta_ricciae,0.001
233,Macrodasys_sp,0.001
234,Macrodasys_sp,0.001
235,Mnemiopsis_leidyi,0.001
245,Baseodiscus_unicolor,0.001
246,Trichoplax_adhaerens,0.001
250,Macrodasys_sp,0.001
260,Loxosoma_pectinaricola,0.001
276,Mnemiopsis_leidyi,0.001
280,Homo_sapiens,0.001
285,Loxosoma_pectinaricola,0.001
291,Mnemiopsis_leidyi,0.001
301,Macrodasys_sp,0.001
302,Gallus_gallus,0.001
346,Homo_sapiens,0.001
347,Macrodasys_sp,0.001
369,Peripatopsis_capensis,0.001
371,Adineta_ricciae,0.001
387,Xenoturbella_profundus,0.001
1,Adineta_ricciae,0.001
6,Macrodasys_sp,0.001
55,Mnemiopsis_leidyi,0.001
55,Loxosoma_pectinaricola,0.001
69,Macrodasys_sp,0.001
74,Macrodasys_sp,0.001
115,Adineta_ricciae,0.001
154,Priapulus_sp,0.001
168,Loxosoma_pectinaricola,0.001
206,Macrodasys_sp,0.001
209,Macrodasys_sp,0.001
210,Loxosoma_pectinaricola,0.001
239,Hofstenia_miamia,0.001
271,Adineta_ricciae,0.001
278,Loxosoma_pectinaricola,0.001
293,Macrodasys_sp,0.001
337,Macrodasys_sp,0.001
345,Homo_sapiens,0.001
352,Macrodasys_sp,0.001
386,Adineta_ricciae,0.001
22,Macrodasys_sp,0.001
48,Macrodasys_sp,0.001
67,Macrodasys_sp,0.001
101,Adineta_ricciae,0.001
102,Mnemiopsis_leidyi,0.001
104,Adineta_ricciae,0.001
164,Homo_sapiens,0.001
262,Mnemiopsis_leidyi,0.001
285,Macrodasys_sp,0.001
354,Adineta_ricciae,0.001
355,Mnemiopsis_leidyi,0.001
374,Priapulus_sp,0.001
36,Macrodasys_sp,0.001
97,Amphimedon_queenslandica,0.001
210,Macrodasys_sp,0.001
65,Mnemiopsis_leidyi,0.001
132,Mnemiopsis_leidyi,0.001
171,Adineta_ricciae,0.001
247,Mnemiopsis_leidyi,0.001
125,Mnemiopsis_leidyi,0.001
214,Mnemiopsis_leidyi,0.001
223,Branchiostoma_floridae,0.001
346,Mnemiopsis_leidyi,0.001
114,Anneissia_japonica,0.001
159,Gallus_gallus,0.001
172,Homo_sapiens,0.001
234,Loxosoma_pectinaricola,0.001
306,Priapulus_sp,0.001
307,Loxosoma_pectinaricola,0.001
322,Lottia_gigantea,0.001
340,Peripatopsis_capensis,0.001
379,Xenoturbella_profundus,0.001
111,Gallus_gallus,0.001
121,Homo_sapiens,0.001
172,Gallus_gallus,0.001
214,Priapulus_sp,0.001
236,Gallus_gallus,0.001
245,Macrodasys_sp,0.001
40,Baseodiscus_unicolor,0.001
49,Loxosoma_pectinaricola,0.001
85,Priapulus_sp,0.001
96,Loxosoma_pectinaricola,0.001
111,Homo_sapiens,0.001
121,Baseodiscus_unicolor,0.001
129,Gallus_gallus,0.001
153,Priapulus_sp,0.001
160,Priapulus_sp,0.001
168,Hofstenia_miamia,0.001
178,Xenoturbella_profundus,0.001
180,Drosophila_melanogaster,0.001
201,Priapulus_sp,0.001
224,Gallus_gallus,0.001
268,Gallus_gallus,0.001
359,Peripatopsis_capensis,0.001
40,Lottia_gigantea,0.001
41,Gallus_gallus,0.001
129,Homo_sapiens,0.001
150,Lottia_gigantea,0.001
152,Trichoplax_adhaerens,0.001
224,Loxosoma_pectinaricola,0.001
224,Homo_sapiens,0.001
268,Homo_sapiens,0.001
356,Priapulus_sp,0.001
41,Homo_sapiens,0.001
326,Trichoplax_adhaerens,0.001
334,Loxosoma_pectinaricola,0.001
152,Lottia_gigantea,0.001
214,Drosophila_melanogaster,0.001
225,Baseodiscus_unicolor,0.001
326,Xenoturbella_profundus,0.001
348,Gallus_gallus,0.001
348,Homo_sapiens,0.001
159,Homo_sapiens,0.001
209,Amphimedon_queenslandica,0.001
209,Loxosoma_pectinaricola,0.001
1,Capitella_teleta,0.01
11,Capitella_teleta,0.01
18,Adineta_ricciae,0.01
18,Gallus_gallus,0.01
19,Loxosoma_pectinaricola,0.01
23,Baseodiscus_unicolor,0.01
30,Capitella_teleta,0.01
34,Capitella_teleta,0.01
36,Baseodiscus_unicolor,0.01
50,Capitella_teleta,0.01
52,Capitella_teleta,0.01
60,Capitella_teleta,0.01
67,Baseodiscus_unicolor,0.01
72,Capitella_teleta,0.01
84,Xenoturbella_bocki,0.01
94,Capitella_teleta,0.01
98,Xenoturbella_bocki,0.01
98,Capitella_teleta,0.01
99,Capitella_teleta,0.01
112,Capitella_teleta,0.01
113,Priapulus_sp,0.01
114,Capitella_teleta,0.01
115,Capitella_teleta,0.01
117,Capitella_teleta,0.01
120,Peripatopsis_capensis,0.01
122,Baseodiscus_unicolor,0.01
129,Capitella_teleta,0.01
130,Capitella_teleta,0.01
133,Xenoturbella_bocki,0.01
134,Xenoturbella_bocki,0.01
135,Capitella_teleta,0.01
142,Capitella_teleta,0.01
147,Capitella_teleta,0.01
152,Priapulus_sp,0.01
157,Capitella_teleta,0.01
162,Capitella_teleta,0.01
171,Capitella_teleta,0.01
174,Xenoturbella_bocki,0.01
177,Xenoturbella_bocki,0.01
179,Ciona_intestinalis,0.01
181,Capitella_teleta,0.01
182,Xenoturbella_bocki,0.01
183,Capitella_teleta,0.01
185,Loxosoma_pectinaricola,0.01
189,Drosophila_melanogaster,0.01
189,Capitella_teleta,0.01
192,Phoronis_vancouverensis,0.01
196,Xenoturbella_bocki,0.01
196,Priapulus_sp,0.01
204,Capitella_teleta,0.01
211,Adineta_ricciae,0.01
212,Priapulus_sp,0.01
213,Xenoturbella_bocki,0.01
215,Capitella_teleta,0.01
215,Baseodiscus_unicolor,0.01
217,Priapulus_sp,0.01
219,Capitella_teleta,0.01
224,Peripatopsis_capensis,0.01
231,Xenoturbella_bocki,0.01
234,Capitella_teleta,0.01
235,Xenoturbella_bocki,0.01
235,Capitella_teleta,0.01
239,Capitella_teleta,0.01
245,Capitella_teleta,0.01
247,Capitella_teleta,0.01
249,Loxosoma_pectinaricola,0.01
262,Xenoturbella_bocki,0.01
264,Trichoplax_adhaerens,0.01
276,Xenoturbella_bocki,0.01
282,Capitella_teleta,0.01
289,Xenoturbella_bocki,0.01
289,Capitella_teleta,0.01
294,Loxosoma_pectinaricola,0.01
294,Baseodiscus_unicolor,0.01
302,Gallus_gallus,0.01
309,Xenoturbella_bocki,0.01
312,Capitella_teleta,0.01
315,Capitella_teleta,0.01
318,Homo_sapiens,0.01
319,Capitella_teleta,0.01
322,Capitella_teleta,0.01
323,Baseodiscus_unicolor,0.01
326,Xenoturbella_bocki,0.01
328,Xenoturbella_bocki,0.01
345,Capitella_teleta,0.01
355,Capitella_teleta,0.01
358,Capitella_teleta,0.01
365,Capitella_teleta,0.01
370,Xenoturbella_bocki,0.01
371,Capitella_teleta,0.01
373,Loxosoma_pectinaricola,0.01
379,Xenoturbella_bocki,0.01
381,Capitella_teleta,0.01
387,Xenoturbella_bocki,0.01
388,Xenoturbella_bocki,0.01
391,Capitella_teleta,0.01
60,Priapulus_sp,0.01
94,Nematostella_vectensis,0.01
133,Adineta_ricciae,0.01
171,Priapulus_sp,0.01
181,Loxosoma_pectinaricola,0.01
215,Peripatopsis_capensis,0.01
245,Baseodiscus_unicolor,0.01
302,Homo_sapiens,0.01
12,Loxosoma_pectinaricola,0.01
178,Loxosoma_pectinaricola,0.01
30,Capitella_teleta,0.1
60,Priapulus_sp,0.1
84,Xenoturbella_bocki,0.1
112,Capitella_teleta,0.1
114,Anneissia_japonica,0.1
147,Capitella_teleta,0.1
224,Peripatopsis_capensis,0.1
245,Capitella_teleta,0.1
289,Capitella_teleta,0.1
318,Homo_sapiens,0.1
323,Baseodiscus_unicolor,0.1
358,Capitella_teleta,0.1
370,Xenoturbella_bocki,0.1
379,Xenoturbella_bocki,0.1
391,Capitella_teleta,0.1
18,Adineta_ricciae,1
224,Peripatopsis_capensis,1
323,Baseodiscus_unicolor,1
1,Gnathostomula_paradoxa,10
2,Homo_sapiens,10
64,Drosophila_melanogaster,10
106,Drosophila_melanogaster,10
114,Drosophila_melanogaster,10
224,Peripatopsis_capensis,10
283,Saccoglossus_kowalevskii,10
286,Gallus_gallus,10
291,Gallus_gallus,10
323,Baseodiscus_unicolor,10
1,Gnathostomula_paradoxa,100
2,Homo_sapiens,100
64,Drosophila_melanogaster,100
106,Drosophila_melanogaster,100
114,Drosophila_melanogaster,100
183,Ciona_intestinalis,100
224,Peripatopsis_capensis,100
225,Mnemiopsis_leidyi,100
283,Saccoglossus_kowalevskii,100
286,Gallus_gallus,100
291,Gallus_gallus,100
323,Baseodiscus_unicolor,100
345,Homo_sapiens,100
1,Gnathostomula_paradoxa,true
64,Drosophila_melanogaster,true
106,Drosophila_melanogaster,true
114,Drosophila_melanogaster,true
152,Hofstenia_miamia,true
152,Mnemiopsis_leidyi,true
183,Ciona_intestinalis,true
224,Peripatopsis_capensis,true
225,Mnemiopsis_leidyi,true
283,Saccoglossus_kowalevskii,true
286,Gallus_gallus,true
291,Gallus_gallus,true
305,Gnathostomula_paradoxa,true
323,Baseodiscus_unicolor,true
345,Homo_sapiens,true
378,Homo_sapiens,true
381,Amphimedon_queenslandica,true
191,Macrodasys_sp,true
348,Mnemiopsis_leidyi,true
191,Adineta_ricciae,true
191,Hofstenia_miamia,true
